{
  "99": 148.46968061901592,
  "90": 120.527173788258,
  "70": 111.2322916905839,
  "50": 100.0,
  "30": 90.57562050834616,
  "10": 80.4863040433495,
  "1": 62.59871880237872
}