{
  "99": 145.38069577962654,
  "90": 117.86610337543651,
  "70": 107.77255679613742,
  "50": 100.0,
  "30": 91.19584429020993,
  "10": 80.85873173255163,
  "1": 65.69896969435703
}