{
  "99": 147.27539921831357,
  "90": 120.34394193188164,
  "70": 109.64377442769403,
  "50": 100.0,
  "30": 90.34148520379678,
  "10": 81.17922948073704,
  "1": 64.67997766610831
}