{
  "99": 155.0676705621504,
  "90": 122.20772322047208,
  "70": 109.34338768534343,
  "50": 100.0,
  "30": 92.01117834542012,
  "10": 82.51073952607511,
  "1": 67.0903967850709
}