{
  "99": 153.57193784892712,
  "90": 121.89412793435126,
  "70": 110.03161364094976,
  "50": 100.0,
  "30": 90.64056859711665,
  "10": 80.64213806865317,
  "1": 60.01497724266272
}