{
  "99": 164.98984349753,
  "90": 120.03139282581597,
  "70": 109.68445593462906,
  "50": 100.0,
  "30": 92.61691519320436,
  "10": 82.86898111813858,
  "1": 69.3746826092978
}