{
  "99": 154.11220510351484,
  "90": 121.50746268656718,
  "70": 109.51998074145402,
  "50": 100.0,
  "30": 89.74602792489168,
  "10": 76.72195474241695,
  "1": 66.33341357727491
}