{
  "99": 153.6485919250608,
  "90": 119.80174304855635,
  "70": 109.6318254579949,
  "50": 100.0,
  "30": 91.22784134700895,
  "10": 81.10155925772217,
  "1": 65.78639947827118
}