{
  "99": 149.8409011678576,
  "90": 119.75553425135088,
  "70": 107.83423392016732,
  "50": 100.0,
  "30": 91.05455813142758,
  "10": 80.55778281331706,
  "1": 65.2723113125327
}