{
  "99": 158.03451865521552,
  "90": 125.64885134975276,
  "70": 110.40882958336292,
  "50": 100.0,
  "30": 90.39794638843541,
  "10": 77.68471857477465,
  "1": 62.669813329547885
}