{
  "99": 152.30165946806105,
  "90": 116.8292793816777,
  "70": 107.9677199363492,
  "50": 100.0,
  "30": 92.76562855194364,
  "10": 82.93157535803594,
  "1": 69.28024551034326
}