{
  "99": 159.23997640827542,
  "90": 122.28955372321357,
  "70": 110.50178672618566,
  "50": 100.0,
  "30": 92.3673832845694,
  "10": 82.40566201385437,
  "1": 66.43626186814076
}