{
  "99": 151.81127941316575,
  "90": 119.57011527102982,
  "70": 110.21053634371725,
  "50": 100.0,
  "30": 91.42802705534915,
  "10": 80.92264456511384,
  "1": 66.96086977231589
}