{
  "99": 149.77445257107058,
  "90": 120.40081415374982,
  "70": 110.74235612516495,
  "50": 100.0,
  "30": 89.77834440492965,
  "10": 79.446196515243,
  "1": 61.28511038046031
}