{
  "99": 149.2612653412436,
  "90": 121.83777908609211,
  "70": 110.55115257461166,
  "50": 100.0,
  "30": 89.27131923373035,
  "10": 78.72288392735837,
  "1": 61.69362800597799
}