{
  "99": 155.24914796098238,
  "90": 123.4821953225996,
  "70": 109.9929486426137,
  "50": 100.0,
  "30": 90.10812081325656,
  "10": 77.78352332824069,
  "1": 61.24914796098249
}