{
  "99": 156.72768424859697,
  "90": 119.32495654101479,
  "70": 110.14781888394992,
  "50": 100.0,
  "30": 91.96154608985802,
  "10": 81.57455695168761,
  "1": 69.808897133457
}