{
  "99": 158.7531543265148,
  "90": 122.37042549974998,
  "70": 110.5427185933739,
  "50": 100.0,
  "30": 91.91910969497518,
  "10": 83.01489656134802,
  "1": 67.30338515925716
}