{
  "99": 154.82937069319595,
  "90": 117.5651439784603,
  "70": 108.32587961484052,
  "50": 100.0,
  "30": 92.67056085428742,
  "10": 81.85985488066446,
  "1": 68.91794824989732
}