{
  "99": 156.60152220178193,
  "90": 120.9626182832546,
  "70": 109.22988132597482,
  "50": 100.0,
  "30": 90.08188147025936,
  "10": 80.49104834734095,
  "1": 67.80119996633361
}