{
  "99": 151.47251656343738,
  "90": 120.4087446317198,
  "70": 107.90512980987117,
  "50": 100.0,
  "30": 90.72274855946652,
  "10": 81.40017696441289,
  "1": 62.69154239592552
}