{
  "99": 158.93210101157126,
  "90": 122.48890182665018,
  "70": 110.52325158285426,
  "50": 100.0,
  "30": 90.53538073405623,
  "10": 80.42573320719016,
  "1": 66.31234990175389
}