{
  "99": 148.1267774617845,
  "90": 120.68876644152155,
  "70": 109.19036615712761,
  "50": 100.0,
  "30": 89.69916459296125,
  "10": 80.3386064699609,
  "1": 59.31452186277996
}