{
  "99": 153.9533088493295,
  "90": 120.11509041147161,
  "70": 110.36047626845073,
  "50": 99.99999999999999,
  "30": 91.66413249432736,
  "10": 82.27560878617044,
  "1": 66.88074574843856
}