{
  "99": 155.31433329368394,
  "90": 120.12798858094446,
  "70": 109.36885928393006,
  "50": 100.0,
  "30": 90.64945878434638,
  "10": 80.87522302842869,
  "1": 66.7189722850006
}