{
  "99": 155.17166631704063,
  "90": 124.23839824720882,
  "70": 109.60888515954596,
  "50": 100.0,
  "30": 89.64408083350814,
  "10": 78.45488660466634,
  "1": 63.43903689718668
}