{
  "99": 152.9676976920167,
  "90": 120.55145667801742,
  "70": 109.39084373817632,
  "50": 100.0,
  "30": 90.8309685962921,
  "10": 78.66912599318957,
  "1": 67.37693908437382
}