{
  "99": 152.84132665235023,
  "90": 116.82740070714306,
  "70": 107.18118912821848,
  "50": 100.0,
  "30": 90.05661482397345,
  "10": 80.8680939675929,
  "1": 67.82620767445391
}