{
  "99": 158.30517343628247,
  "90": 121.89727548635416,
  "70": 110.05616474993315,
  "50": 100.0,
  "30": 91.97762712652766,
  "10": 82.06449062176586,
  "1": 66.85733223251972
}