{
  "99": 159.42182177008203,
  "90": 119.39477950332446,
  "70": 109.79630195239994,
  "50": 100.0,
  "30": 91.58799896623827,
  "10": 79.53974108967881,
  "1": 67.47271104010524
}