{
  "99": 149.8965461699534,
  "90": 117.3455440760257,
  "70": 108.02595549828573,
  "50": 100.0,
  "30": 92.39513104305207,
  "10": 82.91493131457236,
  "1": 70.15513472468304
}