{
  "99": 155.88456422416255,
  "90": 122.15603493146722,
  "70": 109.49626973570065,
  "50": 100.0,
  "30": 91.5412642415129,
  "10": 81.92238736915158,
  "1": 66.27482505349604
}