{
  "99": 162.97867917119007,
  "90": 121.8128479360606,
  "70": 110.62461019611467,
  "50": 100.0,
  "30": 92.73983044974707,
  "10": 83.26326488184611,
  "1": 66.79586981127719
}