{
  "99": 150.4931605471562,
  "90": 122.20167386609073,
  "70": 110.21418286537076,
  "50": 100.0,
  "30": 90.15613750899928,
  "10": 79.86771058315335,
  "1": 62.261834053275734
}