{
  "99": 150.32022535211263,
  "90": 120.10591549295782,
  "70": 110.77723943661974,
  "50": 100.0,
  "30": 90.38016901408452,
  "10": 81.1898591549296,
  "1": 63.66778591549296
}