{
  "99": 149.56319093021722,
  "90": 121.40129878591755,
  "70": 108.59414026019157,
  "50": 100.0,
  "30": 90.72519166865756,
  "10": 80.98255978107422,
  "1": 59.517494515995914
}