{
  "99": 153.71260561772064,
  "90": 122.46060744462204,
  "70": 109.14706554007763,
  "50": 99.99999999999999,
  "30": 92.32244804749942,
  "10": 82.0187257364695,
  "1": 63.98686914820735
}