{
  "99": 149.03184601540715,
  "90": 121.86291508460818,
  "70": 109.73816473893292,
  "50": 100.0,
  "30": 91.87805895134211,
  "10": 82.5573381910761,
  "1": 63.535544191558955
}