{
  "99": 155.0481198292289,
  "90": 120.80706239899659,
  "70": 110.50700692250174,
  "50": 100.0,
  "30": 90.6377384886273,
  "10": 80.3994307629224,
  "1": 64.99314985889673
}