{
  "99": 150.02400245280526,
  "90": 120.3105426831939,
  "70": 109.16385616048353,
  "50": 100.0,
  "30": 91.02141824712014,
  "10": 81.74499583899085,
  "1": 63.466033025272644
}