{
  "99": 152.95905676941084,
  "90": 122.1356808427624,
  "70": 108.86266094420601,
  "50": 100.0,
  "30": 89.08676355833009,
  "10": 77.96088568084276,
  "1": 65.86965957861882
}