{
  "99": 158.30610832932678,
  "90": 123.50106124746416,
  "70": 110.93026255614059,
  "50": 100.0,
  "30": 90.55782919192748,
  "10": 80.28659544777608,
  "1": 63.19640700306062
}