{
  "99": 149.89065407834408,
  "90": 121.02764286686943,
  "70": 111.21056692841904,
  "50": 100.0,
  "30": 89.98638282420225,
  "10": 79.17298352321728,
  "1": 63.72965366982888
}