{
  "99": 154.17047293652223,
  "90": 120.94515374932564,
  "70": 109.08110052148892,
  "50": 100.0,
  "30": 89.46808128034525,
  "10": 79.21093328538032,
  "1": 65.86084037643109
}