{
  "99": 162.20050936614857,
  "90": 123.90807607169211,
  "70": 110.68597814962037,
  "50": 100.0,
  "30": 91.11584509556567,
  "10": 79.88479756265919,
  "1": 60.75381429557518
}