{
  "99": 152.9119547657513,
  "90": 120.18792169533403,
  "70": 108.45861446355599,
  "50": 100.0,
  "30": 90.44307706927682,
  "10": 80.74242136272925,
  "1": 66.961821723843
}