{
  "99": 149.59382988485643,
  "90": 121.64784024121128,
  "70": 108.50663112587121,
  "50": 100.0,
  "30": 90.30785029168213,
  "10": 81.48790666171426,
  "1": 63.043413664270574
}