{
  "99": 154.46584214696662,
  "90": 122.85343530735751,
  "70": 110.00562694502818,
  "50": 100.0,
  "30": 91.93853998001862,
  "10": 81.19452004455624,
  "1": 65.16921027549064
}