{
  "99": 156.33893187393844,
  "90": 125.91172862804305,
  "70": 110.60105680317042,
  "50": 100.0,
  "30": 90.05590677486319,
  "10": 78.0878467635403,
  "1": 63.03736554066806
}