{
  "99": 160.1151073889949,
  "90": 124.76328232305428,
  "70": 111.37703443497708,
  "50": 100.0,
  "30": 90.67958332826878,
  "10": 79.19193883628498,
  "1": 62.136597342927644
}