{
  "99": 158.68756917135636,
  "90": 123.74667388796006,
  "70": 111.28405585513458,
  "50": 100.0,
  "30": 91.89841524006876,
  "10": 82.3262768738079,
  "1": 67.09397885416911
}