{
  "99": 150.10115821432603,
  "90": 116.25413246373553,
  "70": 107.65635893399303,
  "50": 100.0,
  "30": 92.953109187001,
  "10": 83.08017541886878,
  "1": 70.21032272573936
}