{
  "99": 150.97464445700857,
  "90": 120.92071500021747,
  "70": 108.72874353063975,
  "50": 100.0,
  "30": 89.9456356282347,
  "10": 80.16483277519245,
  "1": 59.06632453355369
}