{
  "99": 154.0633879522637,
  "90": 119.54678916461452,
  "70": 109.354044326577,
  "50": 100.0,
  "30": 89.78191892403864,
  "10": 80.45368440992611,
  "1": 65.35162909641977
}