{
  "99": 160.97993906726046,
  "90": 119.11835012889621,
  "70": 109.81743613780174,
  "50": 100.0,
  "30": 91.99929692992735,
  "10": 81.33466135458167,
  "1": 68.91138973517694
}