{
  "99": 149.46144270161378,
  "90": 120.46037889590549,
  "70": 111.46782553586384,
  "50": 100.0,
  "30": 91.74124623707023,
  "10": 81.80213213824948,
  "1": 64.65851836762407
}