{
  "99": 149.08258221680867,
  "90": 122.02015280699817,
  "70": 110.23895471154911,
  "50": 100.0,
  "30": 91.12833573247704,
  "10": 81.57944856605027,
  "1": 62.32957590521538
}