{
  "99": 151.7416090328569,
  "90": 116.19638950880527,
  "70": 106.81132200543561,
  "50": 100.0,
  "30": 93.40345139978346,
  "10": 83.11554013743729,
  "1": 70.30395297964955
}