{
  "99": 157.41579170965588,
  "90": 121.90423013898162,
  "70": 109.85349274746616,
  "50": 100.0,
  "30": 89.79474418886933,
  "10": 79.5159312981732,
  "1": 65.69700795047642
}