{
  "99": 152.21084099002059,
  "90": 121.12806084318811,
  "70": 109.33925352793777,
  "50": 100.0,
  "30": 90.86209170440058,
  "10": 80.49896689673363,
  "1": 60.4456851452939
}