{
  "99": 147.80411713804241,
  "90": 121.1868652365988,
  "70": 110.68565833219475,
  "50": 100.0,
  "30": 90.21041125836862,
  "10": 79.41430978731155,
  "1": 62.06915789953089
}