{
  "99": 151.62585643328245,
  "90": 123.94058185117544,
  "70": 111.07983295915875,
  "50": 100.0,
  "30": 91.5932857957123,
  "10": 80.22380680958972,
  "1": 64.0993637093303
}