{
  "99": 155.56381385009433,
  "90": 121.762431740202,
  "70": 109.96617213550476,
  "50": 100.0,
  "30": 91.58048615473832,
  "10": 79.98550234378776,
  "1": 66.88486444691442
}