{
  "99": 148.40234479083378,
  "90": 120.57687183586467,
  "70": 109.77973177013945,
  "50": 100.0,
  "30": 90.84732214228617,
  "10": 81.52633448796519,
  "1": 63.86060040856204
}