{
  "99": 151.3725617084219,
  "90": 123.87260793195898,
  "70": 112.28298049366735,
  "50": 100.0,
  "30": 90.76869742072662,
  "10": 79.58999722658777,
  "1": 62.5252842747527
}