{
  "99": 163.20507021999546,
  "90": 120.51745932342948,
  "70": 109.94445024295769,
  "50": 100.0,
  "30": 91.52141390947361,
  "10": 82.49312876178547,
  "1": 66.6678263693189
}