{
  "99": 153.98392434988176,
  "90": 122.15011820330969,
  "70": 108.82151300236406,
  "50": 100.0,
  "30": 90.33333333333334,
  "10": 78.15248226950354,
  "1": 62.67352245862884
}