{
  "99": 154.5398033979201,
  "90": 120.74776975964545,
  "70": 108.45729871015399,
  "50": 100.0,
  "30": 92.36661173930338,
  "10": 81.8978351042673,
  "1": 64.82720609125518
}