{
  "99": 150.47428771236008,
  "90": 121.36633830497847,
  "70": 109.85350326151173,
  "50": 99.99999999999999,
  "30": 89.73461784245872,
  "10": 79.24328104464834,
  "1": 65.94019557013154
}