{
  "99": 151.97282801418436,
  "90": 119.65159574468086,
  "70": 110.08510638297871,
  "50": 100.0,
  "30": 89.77260638297871,
  "10": 80.28147163120568,
  "1": 60.86919326241135
}