{
  "99": 151.68102455020838,
  "90": 116.51555437383676,
  "70": 106.74200124080477,
  "50": 100.0,
  "30": 92.83789772223699,
  "10": 83.23672782061509,
  "1": 70.71767260480368
}