{
  "99": 151.24611993141696,
  "90": 116.85675477075867,
  "70": 107.12195773675656,
  "50": 100.0,
  "30": 92.55650315081608,
  "10": 82.03389075686388,
  "1": 69.40390567592242
}