{
  "99": 161.06814026343076,
  "90": 118.80675929053072,
  "70": 109.0782256280061,
  "50": 100.0,
  "30": 92.24102390906867,
  "10": 81.73198085411158,
  "1": 68.82187569147636
}