{
  "99": 164.03672687844588,
  "90": 122.39947401204235,
  "70": 110.39749002237757,
  "50": 100.0,
  "30": 92.41816042632708,
  "10": 83.09110203704986,
  "1": 67.49821210233695
}