{
  "99": 143.2441354185178,
  "90": 119.0767727030389,
  "70": 108.14732539541495,
  "50": 100.0,
  "30": 90.08708014928024,
  "10": 80.61977963390794,
  "1": 65.44881819797405
}