{
  "99": 154.90245840290197,
  "90": 117.65421152628248,
  "70": 108.22315619782373,
  "50": 100.0,
  "30": 92.55570268869826,
  "10": 82.19241176809258,
  "1": 68.8860613737118
}