{
  "99": 147.6632987680581,
  "90": 120.30000886289106,
  "70": 108.31915270761321,
  "50": 100.0,
  "30": 90.42275990428077,
  "10": 80.81893113533634,
  "1": 65.10577860498096
}