{
  "99": 153.19781706450172,
  "90": 119.89520992410172,
  "70": 108.61594551833252,
  "50": 100.0,
  "30": 91.97908784480981,
  "10": 80.4968929857146,
  "1": 63.34743528008988
}