{
  "99": 148.41007791974488,
  "90": 117.1138257022882,
  "70": 107.82475916735905,
  "50": 100.00000000000001,
  "30": 92.29605012013563,
  "10": 81.86603193137672,
  "1": 69.27314575707902
}