{
  "99": 159.855685493904,
  "90": 119.86232064360954,
  "70": 109.25413808220478,
  "50": 100.0,
  "30": 90.4188438251638,
  "10": 80.48673562482969,
  "1": 65.45347693693053
}