{
  "99": 151.54601885559575,
  "90": 121.59175767758798,
  "70": 109.37062447493699,
  "50": 100.0,
  "30": 90.69705031270419,
  "10": 80.12461495379446,
  "1": 64.77854009147764
}