{
  "99": 147.0143422675059,
  "90": 119.37568953209163,
  "70": 108.16189672702099,
  "50": 100.0,
  "30": 91.5871676725723,
  "10": 82.41330823977329,
  "1": 66.64563999394292
}