{
  "99": 154.25343553621997,
  "90": 117.73772529521442,
  "70": 108.23792095389359,
  "50": 100.0,
  "30": 93.00416637893332,
  "10": 83.6033423106139,
  "1": 68.9787537693069
}