{
  "99": 161.26066691401516,
  "90": 119.58770058436136,
  "70": 109.9411000834802,
  "50": 100.0,
  "30": 91.97894443929135,
  "10": 81.14738892496058,
  "1": 68.74791299508395
}