{
  "99": 149.9330809728929,
  "90": 119.42261671670364,
  "70": 108.77605186442152,
  "50": 100.0,
  "30": 91.37318887873644,
  "10": 81.3788452334334,
  "1": 60.705695514075614
}