{
  "99": 154.1290437551234,
  "90": 120.71305525524816,
  "70": 109.2131681180426,
  "50": 100.0,
  "30": 89.96376510282394,
  "10": 80.00475211766243,
  "1": 66.67729556983831
}