{
  "99": 151.50335482173395,
  "90": 120.67754242862786,
  "70": 108.19892119457967,
  "50": 100.0,
  "30": 91.11520413980617,
  "10": 80.62491777397712,
  "1": 65.29443494277068
}