{
  "99": 155.22197063263306,
  "90": 121.24788436027629,
  "70": 108.7107177164814,
  "50": 100.0,
  "30": 92.00516902246008,
  "10": 80.62874525410547,
  "1": 64.92555235350623
}