{
  "99": 158.64817367332833,
  "90": 119.35102228348265,
  "70": 110.0275671950379,
  "50": 100.0,
  "30": 91.8205835056283,
  "10": 82.26510452561453,
  "1": 66.43452791178498
}