{
  "99": 144.70295037997315,
  "90": 119.70943227536884,
  "70": 107.41126508717034,
  "50": 100.0,
  "30": 89.87259722843095,
  "10": 80.27045149754137,
  "1": 64.74783191774699
}