{
  "99": 150.37688519884287,
  "90": 120.5838320047696,
  "70": 109.20705721288671,
  "50": 100.0,
  "30": 89.77631549892907,
  "10": 79.89268443482678,
  "1": 61.93282840550269
}