{
  "99": 160.78986289792462,
  "90": 119.65677528406425,
  "70": 110.32843459479764,
  "50": 100.0,
  "30": 92.52746736782797,
  "10": 81.82810592543902,
  "1": 67.45140388768897
}