{
  "99": 150.24689528172644,
  "90": 120.98677266500484,
  "70": 111.73662107839836,
  "50": 100.0,
  "30": 90.8693211165757,
  "10": 82.51072334882885,
  "1": 63.275887623795725
}