{
  "99": 163.11686669425654,
  "90": 120.01885317515061,
  "70": 109.97838782360785,
  "50": 100.0,
  "30": 92.34607072239851,
  "10": 83.32183749482687,
  "1": 68.68292178231479
}