{
  "99": 153.09854095525296,
  "90": 121.27943589516165,
  "70": 109.81906071222669,
  "50": 100.0,
  "30": 90.07406093396602,
  "10": 79.77870415539492,
  "1": 58.54694221473236
}