{
  "99": 161.90909647030034,
  "90": 125.09573622071329,
  "70": 111.63638588120145,
  "50": 100.0,
  "30": 90.35052303174893,
  "10": 78.78999204747049,
  "1": 61.72043800085643
}