{
  "99": 150.9642286809325,
  "90": 123.92663229456588,
  "70": 111.60879682438286,
  "50": 100.0,
  "30": 90.97595473833096,
  "10": 79.24122827029245,
  "1": 62.50253228087785
}