{
  "99": 152.36406608097795,
  "90": 121.67900114591292,
  "70": 109.18878915202444,
  "50": 99.99999999999999,
  "30": 90.05061115355234,
  "10": 79.59821428571429,
  "1": 66.25697097020627
}