{
  "99": 157.32552256996328,
  "90": 117.89960217996185,
  "70": 108.61061926552765,
  "50": 100.0,
  "30": 90.87658380665488,
  "10": 81.10354818681446,
  "1": 69.88812748637525
}